,date,ticker,field,value
0,2015-06-29,SPX Index,PX_LAST,2057.64
1,2015-06-30,SPX Index,PX_LAST,2063.11
2,2015-07-01,SPX Index,PX_LAST,2077.42
3,2015-07-02,SPX Index,PX_LAST,2076.78
4,2015-07-06,SPX Index,PX_LAST,2068.76
5,2015-07-07,SPX Index,PX_LAST,2081.34
6,2015-07-08,SPX Index,PX_LAST,2046.68
7,2015-07-09,SPX Index,PX_LAST,2051.31
8,2015-07-10,SPX Index,PX_LAST,2076.62
9,2015-07-13,SPX Index,PX_LAST,2099.6
10,2015-07-14,SPX Index,PX_LAST,2108.95
11,2015-07-15,SPX Index,PX_LAST,2107.4
12,2015-07-16,SPX Index,PX_LAST,2124.29
13,2015-07-17,SPX Index,PX_LAST,2126.64
14,2015-07-20,SPX Index,PX_LAST,2128.28
15,2015-07-21,SPX Index,PX_LAST,2119.21
16,2015-07-22,SPX Index,PX_LAST,2114.15
17,2015-07-23,SPX Index,PX_LAST,2102.15
18,2015-07-24,SPX Index,PX_LAST,2079.65
19,2015-07-27,SPX Index,PX_LAST,2067.64
20,2015-07-28,SPX Index,PX_LAST,2093.25
21,2015-07-29,SPX Index,PX_LAST,2108.57
22,2015-07-30,SPX Index,PX_LAST,2108.63
23,2015-07-31,SPX Index,PX_LAST,2103.84
24,2015-08-03,SPX Index,PX_LAST,2098.04
25,2015-08-04,SPX Index,PX_LAST,2093.32
26,2015-08-05,SPX Index,PX_LAST,2099.84
27,2015-08-06,SPX Index,PX_LAST,2083.56
28,2015-08-07,SPX Index,PX_LAST,2077.57
29,2015-08-10,SPX Index,PX_LAST,2104.18
30,2015-08-11,SPX Index,PX_LAST,2084.07
31,2015-08-12,SPX Index,PX_LAST,2086.05
32,2015-08-13,SPX Index,PX_LAST,2083.39
33,2015-08-14,SPX Index,PX_LAST,2091.54
34,2015-08-17,SPX Index,PX_LAST,2102.44
35,2015-08-18,SPX Index,PX_LAST,2096.92
36,2015-08-19,SPX Index,PX_LAST,2079.61
37,2015-08-20,SPX Index,PX_LAST,2035.73
38,2015-08-21,SPX Index,PX_LAST,1970.89
39,2015-08-24,SPX Index,PX_LAST,1893.21
40,2015-08-25,SPX Index,PX_LAST,1867.61
41,2015-08-26,SPX Index,PX_LAST,1940.51
42,2015-08-27,SPX Index,PX_LAST,1987.66
43,2015-08-28,SPX Index,PX_LAST,1988.87
44,2015-08-31,SPX Index,PX_LAST,1972.18
45,2015-09-01,SPX Index,PX_LAST,1913.85
46,2015-09-02,SPX Index,PX_LAST,1948.86
47,2015-09-03,SPX Index,PX_LAST,1951.13
48,2015-09-04,SPX Index,PX_LAST,1921.22
49,2015-09-08,SPX Index,PX_LAST,1969.41
50,2015-09-09,SPX Index,PX_LAST,1942.04
51,2015-09-10,SPX Index,PX_LAST,1952.29
52,2015-09-11,SPX Index,PX_LAST,1961.05
53,2015-09-14,SPX Index,PX_LAST,1953.03
54,2015-09-15,SPX Index,PX_LAST,1978.09
55,2015-09-16,SPX Index,PX_LAST,1995.31
56,2015-09-17,SPX Index,PX_LAST,1990.2
57,2015-09-18,SPX Index,PX_LAST,1958.03
58,2015-09-21,SPX Index,PX_LAST,1966.97
59,2015-09-22,SPX Index,PX_LAST,1942.74
60,2015-09-23,SPX Index,PX_LAST,1938.76
61,2015-09-24,SPX Index,PX_LAST,1932.24
62,2015-09-25,SPX Index,PX_LAST,1931.34
63,2015-09-28,SPX Index,PX_LAST,1881.77
64,2015-09-29,SPX Index,PX_LAST,1884.09
65,2015-09-30,SPX Index,PX_LAST,1920.03
66,2015-10-01,SPX Index,PX_LAST,1923.82
67,2015-10-02,SPX Index,PX_LAST,1951.36
68,2015-10-05,SPX Index,PX_LAST,1987.05
69,2015-10-06,SPX Index,PX_LAST,1979.92
70,2015-10-07,SPX Index,PX_LAST,1995.83
71,2015-10-08,SPX Index,PX_LAST,2013.43
72,2015-10-09,SPX Index,PX_LAST,2014.89
73,2015-10-12,SPX Index,PX_LAST,2017.46
74,2015-10-13,SPX Index,PX_LAST,2003.69
75,2015-10-14,SPX Index,PX_LAST,1994.24
76,2015-10-15,SPX Index,PX_LAST,2023.86
77,2015-10-16,SPX Index,PX_LAST,2033.11
78,2015-10-19,SPX Index,PX_LAST,2033.66
79,2015-10-20,SPX Index,PX_LAST,2030.77
80,2015-10-21,SPX Index,PX_LAST,2018.94
81,2015-10-22,SPX Index,PX_LAST,2052.51
82,2015-10-23,SPX Index,PX_LAST,2075.15
83,2015-10-26,SPX Index,PX_LAST,2071.18
84,2015-10-27,SPX Index,PX_LAST,2065.89
85,2015-10-28,SPX Index,PX_LAST,2090.35
86,2015-10-29,SPX Index,PX_LAST,2089.41
87,2015-10-30,SPX Index,PX_LAST,2079.36
88,2015-11-02,SPX Index,PX_LAST,2104.05
89,2015-11-03,SPX Index,PX_LAST,2109.79
90,2015-11-04,SPX Index,PX_LAST,2102.31
91,2015-11-05,SPX Index,PX_LAST,2099.93
92,2015-11-06,SPX Index,PX_LAST,2099.2
93,2015-11-09,SPX Index,PX_LAST,2078.58
94,2015-11-10,SPX Index,PX_LAST,2081.72
95,2015-11-11,SPX Index,PX_LAST,2075.0
96,2015-11-12,SPX Index,PX_LAST,2045.97
97,2015-11-13,SPX Index,PX_LAST,2023.04
98,2015-11-16,SPX Index,PX_LAST,2053.19
99,2015-11-17,SPX Index,PX_LAST,2050.44
100,2015-11-18,SPX Index,PX_LAST,2083.58
101,2015-11-19,SPX Index,PX_LAST,2081.24
102,2015-11-20,SPX Index,PX_LAST,2089.17
103,2015-11-23,SPX Index,PX_LAST,2086.59
104,2015-11-24,SPX Index,PX_LAST,2089.14
105,2015-11-25,SPX Index,PX_LAST,2088.87
106,2015-11-27,SPX Index,PX_LAST,2090.11
107,2015-11-30,SPX Index,PX_LAST,2080.41
108,2015-12-01,SPX Index,PX_LAST,2102.63
109,2015-12-02,SPX Index,PX_LAST,2079.51
110,2015-12-03,SPX Index,PX_LAST,2049.62
111,2015-12-04,SPX Index,PX_LAST,2091.69
112,2015-12-07,SPX Index,PX_LAST,2077.07
113,2015-12-08,SPX Index,PX_LAST,2063.59
114,2015-12-09,SPX Index,PX_LAST,2047.62
115,2015-12-10,SPX Index,PX_LAST,2052.23
116,2015-12-11,SPX Index,PX_LAST,2012.37
117,2015-12-14,SPX Index,PX_LAST,2021.94
118,2015-12-15,SPX Index,PX_LAST,2043.41
119,2015-12-16,SPX Index,PX_LAST,2073.07
120,2015-12-17,SPX Index,PX_LAST,2041.89
121,2015-12-18,SPX Index,PX_LAST,2005.55
122,2015-12-21,SPX Index,PX_LAST,2021.15
123,2015-12-22,SPX Index,PX_LAST,2038.97
124,2015-12-23,SPX Index,PX_LAST,2064.29
125,2015-12-24,SPX Index,PX_LAST,2060.99
126,2015-12-28,SPX Index,PX_LAST,2056.5
127,2015-12-29,SPX Index,PX_LAST,2078.36
128,2015-12-30,SPX Index,PX_LAST,2063.36
129,2015-12-31,SPX Index,PX_LAST,2043.94
130,2016-01-04,SPX Index,PX_LAST,2012.66
131,2016-01-05,SPX Index,PX_LAST,2016.71
132,2016-01-06,SPX Index,PX_LAST,1990.26
133,2016-01-07,SPX Index,PX_LAST,1943.09
134,2016-01-08,SPX Index,PX_LAST,1922.03
135,2016-01-11,SPX Index,PX_LAST,1923.67
136,2016-01-12,SPX Index,PX_LAST,1938.68
137,2016-01-13,SPX Index,PX_LAST,1890.28
138,2016-01-14,SPX Index,PX_LAST,1921.84
139,2016-01-15,SPX Index,PX_LAST,1880.33
140,2016-01-19,SPX Index,PX_LAST,1881.33
141,2016-01-20,SPX Index,PX_LAST,1859.33
142,2016-01-21,SPX Index,PX_LAST,1868.99
143,2016-01-22,SPX Index,PX_LAST,1906.9
144,2016-01-25,SPX Index,PX_LAST,1877.08
145,2016-01-26,SPX Index,PX_LAST,1903.63
146,2016-01-27,SPX Index,PX_LAST,1882.95
147,2016-01-28,SPX Index,PX_LAST,1893.36
148,2016-01-29,SPX Index,PX_LAST,1940.24
149,2016-02-01,SPX Index,PX_LAST,1939.38
150,2016-02-02,SPX Index,PX_LAST,1903.03
151,2016-02-03,SPX Index,PX_LAST,1912.53
152,2016-02-04,SPX Index,PX_LAST,1915.45
153,2016-02-05,SPX Index,PX_LAST,1880.05
154,2016-02-08,SPX Index,PX_LAST,1853.44
155,2016-02-09,SPX Index,PX_LAST,1852.21
156,2016-02-10,SPX Index,PX_LAST,1851.86
157,2016-02-11,SPX Index,PX_LAST,1829.08
158,2016-02-12,SPX Index,PX_LAST,1864.78
159,2016-02-16,SPX Index,PX_LAST,1895.58
160,2016-02-17,SPX Index,PX_LAST,1926.82
161,2016-02-18,SPX Index,PX_LAST,1917.83
162,2016-02-19,SPX Index,PX_LAST,1917.78
163,2016-02-22,SPX Index,PX_LAST,1945.5
164,2016-02-23,SPX Index,PX_LAST,1921.27
165,2016-02-24,SPX Index,PX_LAST,1929.8
166,2016-02-25,SPX Index,PX_LAST,1951.7
167,2016-02-26,SPX Index,PX_LAST,1948.05
168,2016-02-29,SPX Index,PX_LAST,1932.23
169,2016-03-01,SPX Index,PX_LAST,1978.35
170,2016-03-02,SPX Index,PX_LAST,1986.45
171,2016-03-03,SPX Index,PX_LAST,1993.4
172,2016-03-04,SPX Index,PX_LAST,1999.99
173,2016-03-07,SPX Index,PX_LAST,2001.76
174,2016-03-08,SPX Index,PX_LAST,1979.26
175,2016-03-09,SPX Index,PX_LAST,1989.26
176,2016-03-10,SPX Index,PX_LAST,1989.57
177,2016-03-11,SPX Index,PX_LAST,2022.19
178,2016-03-14,SPX Index,PX_LAST,2019.64
179,2016-03-15,SPX Index,PX_LAST,2015.93
180,2016-03-16,SPX Index,PX_LAST,2027.22
181,2016-03-17,SPX Index,PX_LAST,2040.59
182,2016-03-18,SPX Index,PX_LAST,2049.58
183,2016-03-21,SPX Index,PX_LAST,2051.6
184,2016-03-22,SPX Index,PX_LAST,2049.8
185,2016-03-23,SPX Index,PX_LAST,2036.71
186,2016-03-24,SPX Index,PX_LAST,2035.94
187,2016-03-28,SPX Index,PX_LAST,2037.05
188,2016-03-29,SPX Index,PX_LAST,2055.01
189,2016-03-30,SPX Index,PX_LAST,2063.95
190,2016-03-31,SPX Index,PX_LAST,2059.74
191,2016-04-01,SPX Index,PX_LAST,2072.78
192,2016-04-04,SPX Index,PX_LAST,2066.13
193,2016-04-05,SPX Index,PX_LAST,2045.17
194,2016-04-06,SPX Index,PX_LAST,2066.66
195,2016-04-07,SPX Index,PX_LAST,2041.91
196,2016-04-08,SPX Index,PX_LAST,2047.6
197,2016-04-11,SPX Index,PX_LAST,2041.99
198,2016-04-12,SPX Index,PX_LAST,2061.72
199,2016-04-13,SPX Index,PX_LAST,2082.42
200,2016-04-14,SPX Index,PX_LAST,2082.78
201,2016-04-15,SPX Index,PX_LAST,2080.73
202,2016-04-18,SPX Index,PX_LAST,2094.34
203,2016-04-19,SPX Index,PX_LAST,2100.8
204,2016-04-20,SPX Index,PX_LAST,2102.4
205,2016-04-21,SPX Index,PX_LAST,2091.48
206,2016-04-22,SPX Index,PX_LAST,2091.58
207,2016-04-25,SPX Index,PX_LAST,2087.79
208,2016-04-26,SPX Index,PX_LAST,2091.7
209,2016-04-27,SPX Index,PX_LAST,2095.15
210,2016-04-28,SPX Index,PX_LAST,2075.81
211,2016-04-29,SPX Index,PX_LAST,2065.3
212,2016-05-02,SPX Index,PX_LAST,2081.43
213,2016-05-03,SPX Index,PX_LAST,2063.37
214,2016-05-04,SPX Index,PX_LAST,2051.12
215,2016-05-05,SPX Index,PX_LAST,2050.63
216,2016-05-06,SPX Index,PX_LAST,2057.14
217,2016-05-09,SPX Index,PX_LAST,2058.69
218,2016-05-10,SPX Index,PX_LAST,2084.39
219,2016-05-11,SPX Index,PX_LAST,2064.46
220,2016-05-12,SPX Index,PX_LAST,2064.11
221,2016-05-13,SPX Index,PX_LAST,2046.61
222,2016-05-16,SPX Index,PX_LAST,2066.66
223,2016-05-17,SPX Index,PX_LAST,2047.21
224,2016-05-18,SPX Index,PX_LAST,2047.63
225,2016-05-19,SPX Index,PX_LAST,2040.04
226,2016-05-20,SPX Index,PX_LAST,2052.32
227,2016-05-23,SPX Index,PX_LAST,2048.04
228,2016-05-24,SPX Index,PX_LAST,2076.06
229,2016-05-25,SPX Index,PX_LAST,2090.54
230,2016-05-26,SPX Index,PX_LAST,2090.1
231,2016-05-27,SPX Index,PX_LAST,2099.06
232,2016-05-31,SPX Index,PX_LAST,2096.96
233,2016-06-01,SPX Index,PX_LAST,2099.33
234,2016-06-02,SPX Index,PX_LAST,2105.26
235,2016-06-03,SPX Index,PX_LAST,2099.13
236,2016-06-06,SPX Index,PX_LAST,2109.41
237,2016-06-07,SPX Index,PX_LAST,2112.13
238,2016-06-08,SPX Index,PX_LAST,2119.12
239,2016-06-09,SPX Index,PX_LAST,2115.48
240,2016-06-10,SPX Index,PX_LAST,2096.07
241,2016-06-13,SPX Index,PX_LAST,2079.06
242,2016-06-14,SPX Index,PX_LAST,2075.32
243,2016-06-15,SPX Index,PX_LAST,2071.5
244,2016-06-16,SPX Index,PX_LAST,2077.99
245,2016-06-17,SPX Index,PX_LAST,2071.22
246,2016-06-20,SPX Index,PX_LAST,2083.25
247,2016-06-21,SPX Index,PX_LAST,2088.9
248,2016-06-22,SPX Index,PX_LAST,2085.45
249,2016-06-23,SPX Index,PX_LAST,2113.32
250,2016-06-24,SPX Index,PX_LAST,2037.41
251,2016-06-27,SPX Index,PX_LAST,2000.54
252,2016-06-28,SPX Index,PX_LAST,2036.09
253,2016-06-29,SPX Index,PX_LAST,2070.77
254,2016-06-30,SPX Index,PX_LAST,2098.86
255,2016-07-01,SPX Index,PX_LAST,2102.95
256,2016-07-05,SPX Index,PX_LAST,2088.55
257,2016-07-06,SPX Index,PX_LAST,2099.73
258,2016-07-07,SPX Index,PX_LAST,2097.9
259,2016-07-08,SPX Index,PX_LAST,2129.9
260,2016-07-11,SPX Index,PX_LAST,2137.16
261,2016-07-12,SPX Index,PX_LAST,2152.14
262,2016-07-13,SPX Index,PX_LAST,2152.43
263,2016-07-14,SPX Index,PX_LAST,2163.75
264,2016-07-15,SPX Index,PX_LAST,2161.74
265,2016-07-18,SPX Index,PX_LAST,2166.89
266,2016-07-19,SPX Index,PX_LAST,2163.78
267,2016-07-20,SPX Index,PX_LAST,2173.02
268,2016-07-21,SPX Index,PX_LAST,2165.17
269,2016-07-22,SPX Index,PX_LAST,2175.03
270,2016-07-25,SPX Index,PX_LAST,2168.48
271,2016-07-26,SPX Index,PX_LAST,2169.18
272,2016-07-27,SPX Index,PX_LAST,2166.58
273,2016-07-28,SPX Index,PX_LAST,2170.06
274,2016-07-29,SPX Index,PX_LAST,2173.6
275,2016-08-01,SPX Index,PX_LAST,2170.84
276,2016-08-02,SPX Index,PX_LAST,2157.03
277,2016-08-03,SPX Index,PX_LAST,2163.79
278,2016-08-04,SPX Index,PX_LAST,2164.25
279,2016-08-05,SPX Index,PX_LAST,2182.87
280,2016-08-08,SPX Index,PX_LAST,2180.89
281,2016-08-09,SPX Index,PX_LAST,2181.74
282,2016-08-10,SPX Index,PX_LAST,2175.49
283,2016-08-11,SPX Index,PX_LAST,2185.79
284,2016-08-12,SPX Index,PX_LAST,2184.05
285,2016-08-15,SPX Index,PX_LAST,2190.15
286,2016-08-16,SPX Index,PX_LAST,2178.15
287,2016-08-17,SPX Index,PX_LAST,2182.22
288,2016-08-18,SPX Index,PX_LAST,2187.02
289,2016-08-19,SPX Index,PX_LAST,2183.87
290,2016-08-22,SPX Index,PX_LAST,2182.64
291,2016-08-23,SPX Index,PX_LAST,2186.9
292,2016-08-24,SPX Index,PX_LAST,2175.44
293,2016-08-25,SPX Index,PX_LAST,2172.47
294,2016-08-26,SPX Index,PX_LAST,2169.04
295,2016-08-29,SPX Index,PX_LAST,2180.38
296,2016-08-30,SPX Index,PX_LAST,2176.12
297,2016-08-31,SPX Index,PX_LAST,2170.95
298,2016-09-01,SPX Index,PX_LAST,2170.86
299,2016-09-02,SPX Index,PX_LAST,2179.98
300,2016-09-06,SPX Index,PX_LAST,2186.48
301,2016-09-07,SPX Index,PX_LAST,2186.16
302,2016-09-08,SPX Index,PX_LAST,2181.3
303,2016-09-09,SPX Index,PX_LAST,2127.81
304,2016-09-12,SPX Index,PX_LAST,2159.04
305,2016-09-13,SPX Index,PX_LAST,2127.02
306,2016-09-14,SPX Index,PX_LAST,2125.77
307,2016-09-15,SPX Index,PX_LAST,2147.26
308,2016-09-16,SPX Index,PX_LAST,2139.16
309,2016-09-19,SPX Index,PX_LAST,2139.12
310,2016-09-20,SPX Index,PX_LAST,2139.76
311,2016-09-21,SPX Index,PX_LAST,2163.12
312,2016-09-22,SPX Index,PX_LAST,2177.18
313,2016-09-23,SPX Index,PX_LAST,2164.69
314,2016-09-26,SPX Index,PX_LAST,2146.1
315,2016-09-27,SPX Index,PX_LAST,2159.93
316,2016-09-28,SPX Index,PX_LAST,2171.37
317,2016-09-29,SPX Index,PX_LAST,2151.13
318,2016-09-30,SPX Index,PX_LAST,2168.27
319,2016-10-03,SPX Index,PX_LAST,2161.2
320,2016-10-04,SPX Index,PX_LAST,2150.49
321,2016-10-05,SPX Index,PX_LAST,2159.73
322,2016-10-06,SPX Index,PX_LAST,2160.77
323,2016-10-07,SPX Index,PX_LAST,2153.74
324,2016-10-10,SPX Index,PX_LAST,2163.66
325,2016-10-11,SPX Index,PX_LAST,2136.73
326,2016-10-12,SPX Index,PX_LAST,2139.18
327,2016-10-13,SPX Index,PX_LAST,2132.55
328,2016-10-14,SPX Index,PX_LAST,2132.98
329,2016-10-17,SPX Index,PX_LAST,2126.5
330,2016-10-18,SPX Index,PX_LAST,2139.6
331,2016-10-19,SPX Index,PX_LAST,2144.29
332,2016-10-20,SPX Index,PX_LAST,2141.34
333,2016-10-21,SPX Index,PX_LAST,2141.16
334,2016-10-24,SPX Index,PX_LAST,2151.33
335,2016-10-25,SPX Index,PX_LAST,2143.16
336,2016-10-26,SPX Index,PX_LAST,2139.43
337,2016-10-27,SPX Index,PX_LAST,2133.04
338,2016-10-28,SPX Index,PX_LAST,2126.41
339,2016-10-31,SPX Index,PX_LAST,2126.15
340,2016-11-01,SPX Index,PX_LAST,2111.72
341,2016-11-02,SPX Index,PX_LAST,2097.94
342,2016-11-03,SPX Index,PX_LAST,2088.66
343,2016-11-04,SPX Index,PX_LAST,2085.18
344,2016-11-07,SPX Index,PX_LAST,2131.52
345,2016-11-08,SPX Index,PX_LAST,2139.56
346,2016-11-09,SPX Index,PX_LAST,2163.26
347,2016-11-10,SPX Index,PX_LAST,2167.48
348,2016-11-11,SPX Index,PX_LAST,2164.45
349,2016-11-14,SPX Index,PX_LAST,2164.2
350,2016-11-15,SPX Index,PX_LAST,2180.39
351,2016-11-16,SPX Index,PX_LAST,2176.94
352,2016-11-17,SPX Index,PX_LAST,2187.12
353,2016-11-18,SPX Index,PX_LAST,2181.9
354,2016-11-21,SPX Index,PX_LAST,2198.18
355,2016-11-22,SPX Index,PX_LAST,2202.94
356,2016-11-23,SPX Index,PX_LAST,2204.72
357,2016-11-25,SPX Index,PX_LAST,2213.35
358,2016-11-28,SPX Index,PX_LAST,2201.72
359,2016-11-29,SPX Index,PX_LAST,2204.66
360,2016-11-30,SPX Index,PX_LAST,2198.81
361,2016-12-01,SPX Index,PX_LAST,2191.08
362,2016-12-02,SPX Index,PX_LAST,2191.95
363,2016-12-05,SPX Index,PX_LAST,2204.71
364,2016-12-06,SPX Index,PX_LAST,2212.23
365,2016-12-07,SPX Index,PX_LAST,2241.35
366,2016-12-08,SPX Index,PX_LAST,2246.19
367,2016-12-09,SPX Index,PX_LAST,2259.53
368,2016-12-12,SPX Index,PX_LAST,2256.96
369,2016-12-13,SPX Index,PX_LAST,2271.72
370,2016-12-14,SPX Index,PX_LAST,2253.28
371,2016-12-15,SPX Index,PX_LAST,2262.03
372,2016-12-16,SPX Index,PX_LAST,2258.07
373,2016-12-19,SPX Index,PX_LAST,2262.53
374,2016-12-20,SPX Index,PX_LAST,2270.76
375,2016-12-21,SPX Index,PX_LAST,2265.18
376,2016-12-22,SPX Index,PX_LAST,2260.96
377,2016-12-23,SPX Index,PX_LAST,2263.79
378,2016-12-27,SPX Index,PX_LAST,2268.88
379,2016-12-28,SPX Index,PX_LAST,2249.92
380,2016-12-29,SPX Index,PX_LAST,2249.26
381,2016-12-30,SPX Index,PX_LAST,2238.83
382,2017-01-03,SPX Index,PX_LAST,2257.83
383,2017-01-04,SPX Index,PX_LAST,2270.75
384,2017-01-05,SPX Index,PX_LAST,2269.0
385,2017-01-06,SPX Index,PX_LAST,2276.98
386,2017-01-09,SPX Index,PX_LAST,2268.9
387,2017-01-10,SPX Index,PX_LAST,2268.9
388,2017-01-11,SPX Index,PX_LAST,2275.32
389,2017-01-12,SPX Index,PX_LAST,2270.44
390,2017-01-13,SPX Index,PX_LAST,2274.64
391,2017-01-17,SPX Index,PX_LAST,2267.89
392,2017-01-18,SPX Index,PX_LAST,2271.89
393,2017-01-19,SPX Index,PX_LAST,2263.69
394,2017-01-20,SPX Index,PX_LAST,2271.31
395,2017-01-23,SPX Index,PX_LAST,2265.2
396,2017-01-24,SPX Index,PX_LAST,2280.07
397,2017-01-25,SPX Index,PX_LAST,2298.37
398,2017-01-26,SPX Index,PX_LAST,2296.68
399,2017-01-27,SPX Index,PX_LAST,2294.69
400,2017-01-30,SPX Index,PX_LAST,2280.9
401,2017-01-31,SPX Index,PX_LAST,2278.87
402,2017-02-01,SPX Index,PX_LAST,2279.55
403,2017-02-02,SPX Index,PX_LAST,2280.85
404,2017-02-03,SPX Index,PX_LAST,2297.42
405,2017-02-06,SPX Index,PX_LAST,2292.56
406,2017-02-07,SPX Index,PX_LAST,2293.08
407,2017-02-08,SPX Index,PX_LAST,2294.67
408,2017-02-09,SPX Index,PX_LAST,2307.87
409,2017-02-10,SPX Index,PX_LAST,2316.1
410,2017-02-13,SPX Index,PX_LAST,2328.25
411,2017-02-14,SPX Index,PX_LAST,2337.58
412,2017-02-15,SPX Index,PX_LAST,2349.25
413,2017-02-16,SPX Index,PX_LAST,2347.22
414,2017-02-17,SPX Index,PX_LAST,2351.16
415,2017-02-21,SPX Index,PX_LAST,2365.38
416,2017-02-22,SPX Index,PX_LAST,2362.82
417,2017-02-23,SPX Index,PX_LAST,2363.81
418,2017-02-24,SPX Index,PX_LAST,2367.34
419,2017-02-27,SPX Index,PX_LAST,2369.75
420,2017-02-28,SPX Index,PX_LAST,2363.64
421,2017-03-01,SPX Index,PX_LAST,2395.96
422,2017-03-02,SPX Index,PX_LAST,2381.92
423,2017-03-03,SPX Index,PX_LAST,2383.12
424,2017-03-06,SPX Index,PX_LAST,2375.31
425,2017-03-07,SPX Index,PX_LAST,2368.39
426,2017-03-08,SPX Index,PX_LAST,2362.98
427,2017-03-09,SPX Index,PX_LAST,2364.87
428,2017-03-10,SPX Index,PX_LAST,2372.6
429,2017-03-13,SPX Index,PX_LAST,2373.47
430,2017-03-14,SPX Index,PX_LAST,2365.45
431,2017-03-15,SPX Index,PX_LAST,2385.26
432,2017-03-16,SPX Index,PX_LAST,2381.38
433,2017-03-17,SPX Index,PX_LAST,2378.25
434,2017-03-20,SPX Index,PX_LAST,2373.47
435,2017-03-21,SPX Index,PX_LAST,2344.02
436,2017-03-22,SPX Index,PX_LAST,2348.45
437,2017-03-23,SPX Index,PX_LAST,2345.96
438,2017-03-24,SPX Index,PX_LAST,2343.98
439,2017-03-27,SPX Index,PX_LAST,2341.59
440,2017-03-28,SPX Index,PX_LAST,2358.57
441,2017-03-29,SPX Index,PX_LAST,2361.13
442,2017-03-30,SPX Index,PX_LAST,2368.06
443,2017-03-31,SPX Index,PX_LAST,2362.72
444,2017-04-03,SPX Index,PX_LAST,2358.84
445,2017-04-04,SPX Index,PX_LAST,2360.16
446,2017-04-05,SPX Index,PX_LAST,2352.95
447,2017-04-06,SPX Index,PX_LAST,2357.49
448,2017-04-07,SPX Index,PX_LAST,2355.54
449,2017-04-10,SPX Index,PX_LAST,2357.16
450,2017-04-11,SPX Index,PX_LAST,2353.78
451,2017-04-12,SPX Index,PX_LAST,2344.93
452,2017-04-13,SPX Index,PX_LAST,2328.95
453,2017-04-17,SPX Index,PX_LAST,2349.01
454,2017-04-18,SPX Index,PX_LAST,2342.19
455,2017-04-19,SPX Index,PX_LAST,2338.17
456,2017-04-20,SPX Index,PX_LAST,2355.84
457,2017-04-21,SPX Index,PX_LAST,2348.69
458,2017-04-24,SPX Index,PX_LAST,2374.15
459,2017-04-25,SPX Index,PX_LAST,2388.61
460,2017-04-26,SPX Index,PX_LAST,2387.45
461,2017-04-27,SPX Index,PX_LAST,2388.77
462,2017-04-28,SPX Index,PX_LAST,2384.2
463,2017-05-01,SPX Index,PX_LAST,2388.33
464,2017-05-02,SPX Index,PX_LAST,2391.17
465,2017-05-03,SPX Index,PX_LAST,2388.13
466,2017-05-04,SPX Index,PX_LAST,2389.52
467,2017-05-05,SPX Index,PX_LAST,2399.29
468,2017-05-08,SPX Index,PX_LAST,2399.38
469,2017-05-09,SPX Index,PX_LAST,2396.92
470,2017-05-10,SPX Index,PX_LAST,2399.63
471,2017-05-11,SPX Index,PX_LAST,2394.44
472,2017-05-12,SPX Index,PX_LAST,2390.9
473,2017-05-15,SPX Index,PX_LAST,2402.32
474,2017-05-16,SPX Index,PX_LAST,2400.67
475,2017-05-17,SPX Index,PX_LAST,2357.03
476,2017-05-18,SPX Index,PX_LAST,2365.72
477,2017-05-19,SPX Index,PX_LAST,2381.73
478,2017-05-22,SPX Index,PX_LAST,2394.02
479,2017-05-23,SPX Index,PX_LAST,2398.42
480,2017-05-24,SPX Index,PX_LAST,2404.39
481,2017-05-25,SPX Index,PX_LAST,2415.07
482,2017-05-26,SPX Index,PX_LAST,2415.82
483,2017-05-30,SPX Index,PX_LAST,2412.91
484,2017-05-31,SPX Index,PX_LAST,2411.8
485,2017-06-01,SPX Index,PX_LAST,2430.06
486,2017-06-02,SPX Index,PX_LAST,2439.07
487,2017-06-05,SPX Index,PX_LAST,2436.1
488,2017-06-06,SPX Index,PX_LAST,2429.33
489,2017-06-07,SPX Index,PX_LAST,2433.14
490,2017-06-08,SPX Index,PX_LAST,2433.79
491,2017-06-09,SPX Index,PX_LAST,2431.77
492,2017-06-12,SPX Index,PX_LAST,2429.39
493,2017-06-13,SPX Index,PX_LAST,2440.35
494,2017-06-14,SPX Index,PX_LAST,2437.92
495,2017-06-15,SPX Index,PX_LAST,2432.46
496,2017-06-16,SPX Index,PX_LAST,2433.15
497,2017-06-19,SPX Index,PX_LAST,2453.46
498,2017-06-20,SPX Index,PX_LAST,2437.03
499,2017-06-21,SPX Index,PX_LAST,2435.61
500,2017-06-22,SPX Index,PX_LAST,2434.5
501,2017-06-23,SPX Index,PX_LAST,2438.3
502,2017-06-26,SPX Index,PX_LAST,2439.07
503,2017-06-27,SPX Index,PX_LAST,2419.38
504,2017-06-28,SPX Index,PX_LAST,2440.69
505,2017-06-29,SPX Index,PX_LAST,2419.7
506,2017-06-30,SPX Index,PX_LAST,2423.41
507,2017-07-03,SPX Index,PX_LAST,2429.01
508,2017-07-05,SPX Index,PX_LAST,2432.54
509,2017-07-06,SPX Index,PX_LAST,2409.75
510,2017-07-07,SPX Index,PX_LAST,2425.18
511,2017-07-10,SPX Index,PX_LAST,2427.43
512,2017-07-11,SPX Index,PX_LAST,2425.53
513,2017-07-12,SPX Index,PX_LAST,2443.25
514,2017-07-13,SPX Index,PX_LAST,2447.83
515,2017-07-14,SPX Index,PX_LAST,2459.27
516,2017-07-17,SPX Index,PX_LAST,2459.14
517,2017-07-18,SPX Index,PX_LAST,2460.61
518,2017-07-19,SPX Index,PX_LAST,2473.83
519,2017-07-20,SPX Index,PX_LAST,2473.45
520,2017-07-21,SPX Index,PX_LAST,2472.54
521,2017-07-24,SPX Index,PX_LAST,2469.91
522,2017-07-25,SPX Index,PX_LAST,2477.13
523,2017-07-26,SPX Index,PX_LAST,2477.83
524,2017-07-27,SPX Index,PX_LAST,2475.42
525,2017-07-28,SPX Index,PX_LAST,2472.1
526,2017-07-31,SPX Index,PX_LAST,2470.3
527,2017-08-01,SPX Index,PX_LAST,2476.35
528,2017-08-02,SPX Index,PX_LAST,2477.57
529,2017-08-03,SPX Index,PX_LAST,2472.16
530,2017-08-04,SPX Index,PX_LAST,2476.83
531,2017-08-07,SPX Index,PX_LAST,2480.91
532,2017-08-08,SPX Index,PX_LAST,2474.92
533,2017-08-09,SPX Index,PX_LAST,2474.02
534,2017-08-10,SPX Index,PX_LAST,2438.21
535,2017-08-11,SPX Index,PX_LAST,2441.32
536,2017-08-14,SPX Index,PX_LAST,2465.84
537,2017-08-15,SPX Index,PX_LAST,2464.61
538,2017-08-16,SPX Index,PX_LAST,2468.11
539,2017-08-17,SPX Index,PX_LAST,2430.01
540,2017-08-18,SPX Index,PX_LAST,2425.55
541,2017-08-21,SPX Index,PX_LAST,2428.37
542,2017-08-22,SPX Index,PX_LAST,2452.51
543,2017-08-23,SPX Index,PX_LAST,2444.04
544,2017-08-24,SPX Index,PX_LAST,2438.97
545,2017-08-25,SPX Index,PX_LAST,2443.05
546,2017-08-28,SPX Index,PX_LAST,2444.24
547,2017-08-29,SPX Index,PX_LAST,2446.3
548,2017-08-30,SPX Index,PX_LAST,2457.59
549,2017-08-31,SPX Index,PX_LAST,2471.65
550,2017-09-01,SPX Index,PX_LAST,2476.55
551,2017-09-05,SPX Index,PX_LAST,2457.85
552,2017-09-06,SPX Index,PX_LAST,2465.54
553,2017-09-07,SPX Index,PX_LAST,2465.1
554,2017-09-08,SPX Index,PX_LAST,2461.43
555,2017-09-11,SPX Index,PX_LAST,2488.11
556,2017-09-12,SPX Index,PX_LAST,2496.48
557,2017-09-13,SPX Index,PX_LAST,2498.37
558,2017-09-14,SPX Index,PX_LAST,2495.62
559,2017-09-15,SPX Index,PX_LAST,2500.23
560,2017-09-18,SPX Index,PX_LAST,2503.87
561,2017-09-19,SPX Index,PX_LAST,2506.65
562,2017-09-20,SPX Index,PX_LAST,2508.24
563,2017-09-21,SPX Index,PX_LAST,2500.6
564,2017-09-22,SPX Index,PX_LAST,2502.22
565,2017-09-25,SPX Index,PX_LAST,2496.66
566,2017-09-26,SPX Index,PX_LAST,2496.84
567,2017-09-27,SPX Index,PX_LAST,2507.04
568,2017-09-28,SPX Index,PX_LAST,2510.06
569,2017-09-29,SPX Index,PX_LAST,2519.36
570,2017-10-02,SPX Index,PX_LAST,2529.12
571,2017-10-03,SPX Index,PX_LAST,2534.58
572,2017-10-04,SPX Index,PX_LAST,2537.74
573,2017-10-05,SPX Index,PX_LAST,2552.07
574,2017-10-06,SPX Index,PX_LAST,2549.33
575,2017-10-09,SPX Index,PX_LAST,2544.73
576,2017-10-10,SPX Index,PX_LAST,2550.64
577,2017-10-11,SPX Index,PX_LAST,2555.24
578,2017-10-12,SPX Index,PX_LAST,2550.93
579,2017-10-13,SPX Index,PX_LAST,2553.17
580,2017-10-16,SPX Index,PX_LAST,2557.64
581,2017-10-17,SPX Index,PX_LAST,2559.36
582,2017-10-18,SPX Index,PX_LAST,2561.26
583,2017-10-19,SPX Index,PX_LAST,2562.1
584,2017-10-20,SPX Index,PX_LAST,2575.21
585,2017-10-23,SPX Index,PX_LAST,2564.98
586,2017-10-24,SPX Index,PX_LAST,2569.13
587,2017-10-25,SPX Index,PX_LAST,2557.15
588,2017-10-26,SPX Index,PX_LAST,2560.4
589,2017-10-27,SPX Index,PX_LAST,2581.07
590,2017-10-30,SPX Index,PX_LAST,2572.83
591,2017-10-31,SPX Index,PX_LAST,2575.26
592,2017-11-01,SPX Index,PX_LAST,2579.36
593,2017-11-02,SPX Index,PX_LAST,2579.85
594,2017-11-03,SPX Index,PX_LAST,2587.84
595,2017-11-06,SPX Index,PX_LAST,2591.13
596,2017-11-07,SPX Index,PX_LAST,2590.64
597,2017-11-08,SPX Index,PX_LAST,2594.38
598,2017-11-09,SPX Index,PX_LAST,2584.62
599,2017-11-10,SPX Index,PX_LAST,2582.3
600,2017-11-13,SPX Index,PX_LAST,2584.84
601,2017-11-14,SPX Index,PX_LAST,2578.87
602,2017-11-15,SPX Index,PX_LAST,2564.62
603,2017-11-16,SPX Index,PX_LAST,2585.64
604,2017-11-17,SPX Index,PX_LAST,2578.85
605,2017-11-20,SPX Index,PX_LAST,2582.14
606,2017-11-21,SPX Index,PX_LAST,2599.03
607,2017-11-22,SPX Index,PX_LAST,2597.08
608,2017-11-24,SPX Index,PX_LAST,2602.42
609,2017-11-27,SPX Index,PX_LAST,2601.42
610,2017-11-28,SPX Index,PX_LAST,2627.04
611,2017-11-29,SPX Index,PX_LAST,2626.07
612,2017-11-30,SPX Index,PX_LAST,2647.58
613,2017-12-01,SPX Index,PX_LAST,2642.22
614,2017-12-04,SPX Index,PX_LAST,2639.44
615,2017-12-05,SPX Index,PX_LAST,2629.57
616,2017-12-06,SPX Index,PX_LAST,2629.27
617,2017-12-07,SPX Index,PX_LAST,2636.98
618,2017-12-08,SPX Index,PX_LAST,2651.5
619,2017-12-11,SPX Index,PX_LAST,2659.99
620,2017-12-12,SPX Index,PX_LAST,2664.11
621,2017-12-13,SPX Index,PX_LAST,2662.85
622,2017-12-14,SPX Index,PX_LAST,2652.01
623,2017-12-15,SPX Index,PX_LAST,2675.81
624,2017-12-18,SPX Index,PX_LAST,2690.16
625,2017-12-19,SPX Index,PX_LAST,2681.47
626,2017-12-20,SPX Index,PX_LAST,2679.25
627,2017-12-21,SPX Index,PX_LAST,2684.57
628,2017-12-22,SPX Index,PX_LAST,2683.34
629,2017-12-26,SPX Index,PX_LAST,2680.5
630,2017-12-27,SPX Index,PX_LAST,2682.62
631,2017-12-28,SPX Index,PX_LAST,2687.54
632,2017-12-29,SPX Index,PX_LAST,2673.61
633,2018-01-02,SPX Index,PX_LAST,2695.81
634,2018-01-03,SPX Index,PX_LAST,2713.06
635,2018-01-04,SPX Index,PX_LAST,2723.99
636,2018-01-05,SPX Index,PX_LAST,2743.15
637,2018-01-08,SPX Index,PX_LAST,2747.71
638,2018-01-09,SPX Index,PX_LAST,2751.29
639,2018-01-10,SPX Index,PX_LAST,2748.23
640,2018-01-11,SPX Index,PX_LAST,2767.56
641,2018-01-12,SPX Index,PX_LAST,2786.24
642,2018-01-16,SPX Index,PX_LAST,2776.42
643,2018-01-17,SPX Index,PX_LAST,2802.56
644,2018-01-18,SPX Index,PX_LAST,2798.03
645,2018-01-19,SPX Index,PX_LAST,2810.3
646,2018-01-22,SPX Index,PX_LAST,2832.97
647,2018-01-23,SPX Index,PX_LAST,2839.13
648,2018-01-24,SPX Index,PX_LAST,2837.54
649,2018-01-25,SPX Index,PX_LAST,2839.25
650,2018-01-26,SPX Index,PX_LAST,2872.87
651,2018-01-29,SPX Index,PX_LAST,2853.53
652,2018-01-30,SPX Index,PX_LAST,2822.43
653,2018-01-31,SPX Index,PX_LAST,2823.81
654,2018-02-01,SPX Index,PX_LAST,2821.98
655,2018-02-02,SPX Index,PX_LAST,2762.13
656,2018-02-05,SPX Index,PX_LAST,2648.94
657,2018-02-06,SPX Index,PX_LAST,2695.14
658,2018-02-07,SPX Index,PX_LAST,2681.66
659,2018-02-08,SPX Index,PX_LAST,2581.0
660,2018-02-09,SPX Index,PX_LAST,2619.55
661,2018-02-12,SPX Index,PX_LAST,2656.0
662,2018-02-13,SPX Index,PX_LAST,2662.94
663,2018-02-14,SPX Index,PX_LAST,2698.63
664,2018-02-15,SPX Index,PX_LAST,2731.2
665,2018-02-16,SPX Index,PX_LAST,2732.22
666,2018-02-20,SPX Index,PX_LAST,2716.26
667,2018-02-21,SPX Index,PX_LAST,2701.33
668,2018-02-22,SPX Index,PX_LAST,2703.96
669,2018-02-23,SPX Index,PX_LAST,2747.3
670,2018-02-26,SPX Index,PX_LAST,2779.6
671,2018-02-27,SPX Index,PX_LAST,2744.28
672,2018-02-28,SPX Index,PX_LAST,2713.83
673,2018-03-01,SPX Index,PX_LAST,2677.67
674,2018-03-02,SPX Index,PX_LAST,2691.25
675,2018-03-05,SPX Index,PX_LAST,2720.94
676,2018-03-06,SPX Index,PX_LAST,2728.12
677,2018-03-07,SPX Index,PX_LAST,2726.8
678,2018-03-08,SPX Index,PX_LAST,2738.97
679,2018-03-09,SPX Index,PX_LAST,2786.57
680,2018-03-12,SPX Index,PX_LAST,2783.02
681,2018-03-13,SPX Index,PX_LAST,2765.31
682,2018-03-14,SPX Index,PX_LAST,2749.48
683,2018-03-15,SPX Index,PX_LAST,2747.33
684,2018-03-16,SPX Index,PX_LAST,2752.01
685,2018-03-19,SPX Index,PX_LAST,2712.92
686,2018-03-20,SPX Index,PX_LAST,2716.94
687,2018-03-21,SPX Index,PX_LAST,2711.93
688,2018-03-22,SPX Index,PX_LAST,2643.69
689,2018-03-23,SPX Index,PX_LAST,2588.26
690,2018-03-26,SPX Index,PX_LAST,2658.55
691,2018-03-27,SPX Index,PX_LAST,2612.62
692,2018-03-28,SPX Index,PX_LAST,2605.0
693,2018-03-29,SPX Index,PX_LAST,2640.87
694,2018-04-02,SPX Index,PX_LAST,2581.88
695,2018-04-03,SPX Index,PX_LAST,2614.45
696,2018-04-04,SPX Index,PX_LAST,2644.69
697,2018-04-05,SPX Index,PX_LAST,2662.84
698,2018-04-06,SPX Index,PX_LAST,2604.47
699,2018-04-09,SPX Index,PX_LAST,2613.16
700,2018-04-10,SPX Index,PX_LAST,2656.87
701,2018-04-11,SPX Index,PX_LAST,2642.19
702,2018-04-12,SPX Index,PX_LAST,2663.99
703,2018-04-13,SPX Index,PX_LAST,2656.3
704,2018-04-16,SPX Index,PX_LAST,2677.84
705,2018-04-17,SPX Index,PX_LAST,2706.39
706,2018-04-18,SPX Index,PX_LAST,2708.64
707,2018-04-19,SPX Index,PX_LAST,2693.13
708,2018-04-20,SPX Index,PX_LAST,2670.14
709,2018-04-23,SPX Index,PX_LAST,2670.29
710,2018-04-24,SPX Index,PX_LAST,2634.56
711,2018-04-25,SPX Index,PX_LAST,2639.4
712,2018-04-26,SPX Index,PX_LAST,2666.94
713,2018-04-27,SPX Index,PX_LAST,2669.91
714,2018-04-30,SPX Index,PX_LAST,2648.05
715,2018-05-01,SPX Index,PX_LAST,2654.8
716,2018-05-02,SPX Index,PX_LAST,2635.67
717,2018-05-03,SPX Index,PX_LAST,2629.73
718,2018-05-04,SPX Index,PX_LAST,2663.42
719,2018-05-07,SPX Index,PX_LAST,2672.63
720,2018-05-08,SPX Index,PX_LAST,2671.92
721,2018-05-09,SPX Index,PX_LAST,2697.79
722,2018-05-10,SPX Index,PX_LAST,2723.07
723,2018-05-11,SPX Index,PX_LAST,2727.72
724,2018-05-14,SPX Index,PX_LAST,2730.13
725,2018-05-15,SPX Index,PX_LAST,2711.45
726,2018-05-16,SPX Index,PX_LAST,2722.46
727,2018-05-17,SPX Index,PX_LAST,2720.13
728,2018-05-18,SPX Index,PX_LAST,2712.97
729,2018-05-21,SPX Index,PX_LAST,2733.01
730,2018-05-22,SPX Index,PX_LAST,2724.44
731,2018-05-23,SPX Index,PX_LAST,2733.29
732,2018-05-24,SPX Index,PX_LAST,2727.76
733,2018-05-25,SPX Index,PX_LAST,2721.33
734,2018-05-29,SPX Index,PX_LAST,2689.86
735,2018-05-30,SPX Index,PX_LAST,2724.01
736,2018-05-31,SPX Index,PX_LAST,2705.27
737,2018-06-01,SPX Index,PX_LAST,2734.62
738,2018-06-04,SPX Index,PX_LAST,2746.87
739,2018-06-05,SPX Index,PX_LAST,2748.8
740,2018-06-06,SPX Index,PX_LAST,2772.35
741,2018-06-07,SPX Index,PX_LAST,2770.37
742,2018-06-08,SPX Index,PX_LAST,2779.03
743,2018-06-11,SPX Index,PX_LAST,2782.0
744,2018-06-12,SPX Index,PX_LAST,2786.85
745,2018-06-13,SPX Index,PX_LAST,2775.63
746,2018-06-14,SPX Index,PX_LAST,2782.49
747,2018-06-15,SPX Index,PX_LAST,2779.66
748,2018-06-18,SPX Index,PX_LAST,2773.75
749,2018-06-19,SPX Index,PX_LAST,2762.59
750,2018-06-20,SPX Index,PX_LAST,2767.32
751,2018-06-21,SPX Index,PX_LAST,2749.76
752,2018-06-22,SPX Index,PX_LAST,2754.88
753,2018-06-25,SPX Index,PX_LAST,2717.07
754,2018-06-26,SPX Index,PX_LAST,2723.06
755,2018-06-27,SPX Index,PX_LAST,2699.63
756,2018-06-28,SPX Index,PX_LAST,2716.31
757,2018-06-29,SPX Index,PX_LAST,2718.37
758,2018-07-02,SPX Index,PX_LAST,2726.71
759,2018-07-03,SPX Index,PX_LAST,2713.22
760,2018-07-05,SPX Index,PX_LAST,2736.61
761,2018-07-06,SPX Index,PX_LAST,2759.82
762,2018-07-09,SPX Index,PX_LAST,2784.17
763,2018-07-10,SPX Index,PX_LAST,2793.84
764,2018-07-11,SPX Index,PX_LAST,2774.02
765,2018-07-12,SPX Index,PX_LAST,2798.29
766,2018-07-13,SPX Index,PX_LAST,2801.31
767,2018-07-16,SPX Index,PX_LAST,2798.43
768,2018-07-17,SPX Index,PX_LAST,2809.55
769,2018-07-18,SPX Index,PX_LAST,2815.62
770,2018-07-19,SPX Index,PX_LAST,2804.49
771,2018-07-20,SPX Index,PX_LAST,2801.83
772,2018-07-23,SPX Index,PX_LAST,2806.98
773,2018-07-24,SPX Index,PX_LAST,2820.4
774,2018-07-25,SPX Index,PX_LAST,2846.07
775,2018-07-26,SPX Index,PX_LAST,2837.44
776,2018-07-27,SPX Index,PX_LAST,2818.82
777,2018-07-30,SPX Index,PX_LAST,2802.6
778,2018-07-31,SPX Index,PX_LAST,2816.29
779,2018-08-01,SPX Index,PX_LAST,2813.36
780,2018-08-02,SPX Index,PX_LAST,2827.22
781,2018-08-03,SPX Index,PX_LAST,2840.35
782,2018-08-06,SPX Index,PX_LAST,2850.4
783,2018-08-07,SPX Index,PX_LAST,2858.45
784,2018-08-08,SPX Index,PX_LAST,2857.7
785,2018-08-09,SPX Index,PX_LAST,2853.58
786,2018-08-10,SPX Index,PX_LAST,2833.28
787,2018-08-13,SPX Index,PX_LAST,2821.93
788,2018-08-14,SPX Index,PX_LAST,2839.96
789,2018-08-15,SPX Index,PX_LAST,2818.37
790,2018-08-16,SPX Index,PX_LAST,2840.69
791,2018-08-17,SPX Index,PX_LAST,2850.13
792,2018-08-20,SPX Index,PX_LAST,2857.05
793,2018-08-21,SPX Index,PX_LAST,2862.96
794,2018-08-22,SPX Index,PX_LAST,2861.82
795,2018-08-23,SPX Index,PX_LAST,2856.98
796,2018-08-24,SPX Index,PX_LAST,2874.69
797,2018-08-27,SPX Index,PX_LAST,2896.74
798,2018-08-28,SPX Index,PX_LAST,2897.52
799,2018-08-29,SPX Index,PX_LAST,2914.04
800,2018-08-30,SPX Index,PX_LAST,2901.13
801,2018-08-31,SPX Index,PX_LAST,2901.52
802,2018-09-04,SPX Index,PX_LAST,2896.72
803,2018-09-05,SPX Index,PX_LAST,2888.6
804,2018-09-06,SPX Index,PX_LAST,2878.05
805,2018-09-07,SPX Index,PX_LAST,2871.68
806,2018-09-10,SPX Index,PX_LAST,2877.13
807,2018-09-11,SPX Index,PX_LAST,2887.89
808,2018-09-12,SPX Index,PX_LAST,2888.92
809,2018-09-13,SPX Index,PX_LAST,2904.18
810,2018-09-14,SPX Index,PX_LAST,2904.98
811,2018-09-17,SPX Index,PX_LAST,2888.8
812,2018-09-18,SPX Index,PX_LAST,2904.31
813,2018-09-19,SPX Index,PX_LAST,2907.95
814,2018-09-20,SPX Index,PX_LAST,2930.75
815,2018-09-21,SPX Index,PX_LAST,2929.67
816,2018-09-24,SPX Index,PX_LAST,2919.37
817,2018-09-25,SPX Index,PX_LAST,2915.56
818,2018-09-26,SPX Index,PX_LAST,2905.97
819,2018-09-27,SPX Index,PX_LAST,2914.0
820,2018-09-28,SPX Index,PX_LAST,2913.98
821,2018-10-01,SPX Index,PX_LAST,2924.59
822,2018-10-02,SPX Index,PX_LAST,2923.43
823,2018-10-03,SPX Index,PX_LAST,2925.51
824,2018-10-04,SPX Index,PX_LAST,2901.61
825,2018-10-05,SPX Index,PX_LAST,2885.57
826,2018-10-08,SPX Index,PX_LAST,2884.43
827,2018-10-09,SPX Index,PX_LAST,2880.34
828,2018-10-10,SPX Index,PX_LAST,2785.68
829,2018-10-11,SPX Index,PX_LAST,2728.37
830,2018-10-12,SPX Index,PX_LAST,2767.13
831,2018-10-15,SPX Index,PX_LAST,2750.79
832,2018-10-16,SPX Index,PX_LAST,2809.92
833,2018-10-17,SPX Index,PX_LAST,2809.21
834,2018-10-18,SPX Index,PX_LAST,2768.78
835,2018-10-19,SPX Index,PX_LAST,2767.78
836,2018-10-22,SPX Index,PX_LAST,2755.88
837,2018-10-23,SPX Index,PX_LAST,2740.69
838,2018-10-24,SPX Index,PX_LAST,2656.1
839,2018-10-25,SPX Index,PX_LAST,2705.57
840,2018-10-26,SPX Index,PX_LAST,2658.69
841,2018-10-29,SPX Index,PX_LAST,2641.25
842,2018-10-30,SPX Index,PX_LAST,2682.63
843,2018-10-31,SPX Index,PX_LAST,2711.74
844,2018-11-01,SPX Index,PX_LAST,2740.37
845,2018-11-02,SPX Index,PX_LAST,2723.06
846,2018-11-05,SPX Index,PX_LAST,2738.31
847,2018-11-06,SPX Index,PX_LAST,2755.45
848,2018-11-07,SPX Index,PX_LAST,2813.89
849,2018-11-08,SPX Index,PX_LAST,2806.83
850,2018-11-09,SPX Index,PX_LAST,2781.01
851,2018-11-12,SPX Index,PX_LAST,2726.22
852,2018-11-13,SPX Index,PX_LAST,2722.18
853,2018-11-14,SPX Index,PX_LAST,2701.58
854,2018-11-15,SPX Index,PX_LAST,2730.2
855,2018-11-16,SPX Index,PX_LAST,2736.27
856,2018-11-19,SPX Index,PX_LAST,2690.73
857,2018-11-20,SPX Index,PX_LAST,2641.89
858,2018-11-21,SPX Index,PX_LAST,2649.93
859,2018-11-23,SPX Index,PX_LAST,2632.56
860,2018-11-26,SPX Index,PX_LAST,2673.45
861,2018-11-27,SPX Index,PX_LAST,2682.17
862,2018-11-28,SPX Index,PX_LAST,2743.79
863,2018-11-29,SPX Index,PX_LAST,2737.76
864,2018-11-30,SPX Index,PX_LAST,2760.17
865,2018-12-03,SPX Index,PX_LAST,2790.37
866,2018-12-04,SPX Index,PX_LAST,2700.06
867,2018-12-06,SPX Index,PX_LAST,2695.95
868,2018-12-07,SPX Index,PX_LAST,2633.08
869,2018-12-10,SPX Index,PX_LAST,2637.72
870,2018-12-11,SPX Index,PX_LAST,2636.78
871,2018-12-12,SPX Index,PX_LAST,2651.07
872,2018-12-13,SPX Index,PX_LAST,2650.54
873,2018-12-14,SPX Index,PX_LAST,2599.95
874,2018-12-17,SPX Index,PX_LAST,2545.94
875,2018-12-18,SPX Index,PX_LAST,2546.16
876,2018-12-19,SPX Index,PX_LAST,2506.96
877,2018-12-20,SPX Index,PX_LAST,2467.42
878,2018-12-21,SPX Index,PX_LAST,2416.62
879,2018-12-24,SPX Index,PX_LAST,2351.1
880,2018-12-26,SPX Index,PX_LAST,2467.7
881,2018-12-27,SPX Index,PX_LAST,2488.83
882,2018-12-28,SPX Index,PX_LAST,2485.74
883,2018-12-31,SPX Index,PX_LAST,2506.85
884,2019-01-02,SPX Index,PX_LAST,2510.03
885,2019-01-03,SPX Index,PX_LAST,2447.89
886,2019-01-04,SPX Index,PX_LAST,2531.94
887,2019-01-07,SPX Index,PX_LAST,2549.69
888,2019-01-08,SPX Index,PX_LAST,2574.41
889,2019-01-09,SPX Index,PX_LAST,2584.96
890,2019-01-10,SPX Index,PX_LAST,2596.64
891,2019-01-11,SPX Index,PX_LAST,2596.26
892,2019-01-14,SPX Index,PX_LAST,2582.61
893,2019-01-15,SPX Index,PX_LAST,2610.3
894,2019-01-16,SPX Index,PX_LAST,2616.1
895,2019-01-17,SPX Index,PX_LAST,2635.96
896,2019-01-18,SPX Index,PX_LAST,2670.71
897,2019-01-22,SPX Index,PX_LAST,2632.9
898,2019-01-23,SPX Index,PX_LAST,2638.7
899,2019-01-24,SPX Index,PX_LAST,2642.33
900,2019-01-25,SPX Index,PX_LAST,2664.76
901,2019-01-28,SPX Index,PX_LAST,2643.85
902,2019-01-29,SPX Index,PX_LAST,2640.0
903,2019-01-30,SPX Index,PX_LAST,2681.05
904,2019-01-31,SPX Index,PX_LAST,2704.1
905,2019-02-01,SPX Index,PX_LAST,2706.53
906,2019-02-04,SPX Index,PX_LAST,2724.87
907,2019-02-05,SPX Index,PX_LAST,2737.7
908,2019-02-06,SPX Index,PX_LAST,2731.61
909,2019-02-07,SPX Index,PX_LAST,2706.05
910,2019-02-08,SPX Index,PX_LAST,2707.88
911,2019-02-11,SPX Index,PX_LAST,2709.8
912,2019-02-12,SPX Index,PX_LAST,2744.73
913,2019-02-13,SPX Index,PX_LAST,2753.03
914,2019-02-14,SPX Index,PX_LAST,2745.73
915,2019-02-15,SPX Index,PX_LAST,2775.6
916,2019-02-19,SPX Index,PX_LAST,2779.76
917,2019-02-20,SPX Index,PX_LAST,2784.7
918,2019-02-21,SPX Index,PX_LAST,2774.88
919,2019-02-22,SPX Index,PX_LAST,2792.67
920,2019-02-25,SPX Index,PX_LAST,2796.11
921,2019-02-26,SPX Index,PX_LAST,2793.9
922,2019-02-27,SPX Index,PX_LAST,2792.38
923,2019-02-28,SPX Index,PX_LAST,2784.49
924,2019-03-01,SPX Index,PX_LAST,2803.69
925,2019-03-04,SPX Index,PX_LAST,2792.81
926,2019-03-05,SPX Index,PX_LAST,2789.65
927,2019-03-06,SPX Index,PX_LAST,2771.45
928,2019-03-07,SPX Index,PX_LAST,2748.93
929,2019-03-08,SPX Index,PX_LAST,2743.07
930,2019-03-11,SPX Index,PX_LAST,2783.3
931,2019-03-12,SPX Index,PX_LAST,2791.52
932,2019-03-13,SPX Index,PX_LAST,2810.92
933,2019-03-14,SPX Index,PX_LAST,2808.48
934,2019-03-15,SPX Index,PX_LAST,2822.48
935,2019-03-18,SPX Index,PX_LAST,2832.94
936,2019-03-19,SPX Index,PX_LAST,2832.57
937,2019-03-20,SPX Index,PX_LAST,2824.23
938,2019-03-21,SPX Index,PX_LAST,2854.88
939,2019-03-22,SPX Index,PX_LAST,2800.71
940,2019-03-25,SPX Index,PX_LAST,2798.36
941,2019-03-26,SPX Index,PX_LAST,2818.46
942,2019-03-27,SPX Index,PX_LAST,2805.37
943,2019-03-28,SPX Index,PX_LAST,2815.44
944,2019-03-29,SPX Index,PX_LAST,2834.4
945,2019-04-01,SPX Index,PX_LAST,2867.19
946,2019-04-02,SPX Index,PX_LAST,2867.24
947,2019-04-03,SPX Index,PX_LAST,2873.4
948,2019-04-04,SPX Index,PX_LAST,2879.39
949,2019-04-05,SPX Index,PX_LAST,2892.74
950,2019-04-08,SPX Index,PX_LAST,2895.77
951,2019-04-09,SPX Index,PX_LAST,2878.2
952,2019-04-10,SPX Index,PX_LAST,2888.21
953,2019-04-11,SPX Index,PX_LAST,2888.32
954,2019-04-12,SPX Index,PX_LAST,2907.41
955,2019-04-15,SPX Index,PX_LAST,2905.58
956,2019-04-16,SPX Index,PX_LAST,2907.06
957,2019-04-17,SPX Index,PX_LAST,2900.45
958,2019-04-18,SPX Index,PX_LAST,2905.03
959,2019-04-22,SPX Index,PX_LAST,2907.97
960,2019-04-23,SPX Index,PX_LAST,2933.68
961,2019-04-24,SPX Index,PX_LAST,2927.25
962,2019-04-25,SPX Index,PX_LAST,2926.17
963,2019-04-26,SPX Index,PX_LAST,2939.88
964,2019-04-29,SPX Index,PX_LAST,2943.03
965,2019-04-30,SPX Index,PX_LAST,2945.83
966,2019-05-01,SPX Index,PX_LAST,2923.73
967,2019-05-02,SPX Index,PX_LAST,2917.52
968,2019-05-03,SPX Index,PX_LAST,2945.64
969,2019-05-06,SPX Index,PX_LAST,2932.47
970,2019-05-07,SPX Index,PX_LAST,2884.05
971,2019-05-08,SPX Index,PX_LAST,2879.42
972,2019-05-09,SPX Index,PX_LAST,2870.72
973,2019-05-10,SPX Index,PX_LAST,2881.4
974,2019-05-13,SPX Index,PX_LAST,2811.87
975,2019-05-14,SPX Index,PX_LAST,2834.41
976,2019-05-15,SPX Index,PX_LAST,2850.96
977,2019-05-16,SPX Index,PX_LAST,2876.32
978,2019-05-17,SPX Index,PX_LAST,2859.53
979,2019-05-20,SPX Index,PX_LAST,2840.23
980,2019-05-21,SPX Index,PX_LAST,2864.36
981,2019-05-22,SPX Index,PX_LAST,2856.27
982,2019-05-23,SPX Index,PX_LAST,2822.24
983,2019-05-24,SPX Index,PX_LAST,2826.06
984,2019-05-28,SPX Index,PX_LAST,2802.39
985,2019-05-29,SPX Index,PX_LAST,2783.02
986,2019-05-30,SPX Index,PX_LAST,2788.86
987,2019-05-31,SPX Index,PX_LAST,2752.06
988,2019-06-03,SPX Index,PX_LAST,2744.45
989,2019-06-04,SPX Index,PX_LAST,2803.27
990,2019-06-05,SPX Index,PX_LAST,2826.15
991,2019-06-06,SPX Index,PX_LAST,2843.49
992,2019-06-07,SPX Index,PX_LAST,2873.34
993,2019-06-10,SPX Index,PX_LAST,2886.73
994,2019-06-11,SPX Index,PX_LAST,2885.72
995,2019-06-12,SPX Index,PX_LAST,2879.84
996,2019-06-13,SPX Index,PX_LAST,2891.64
997,2019-06-14,SPX Index,PX_LAST,2886.98
998,2019-06-17,SPX Index,PX_LAST,2889.67
999,2019-06-18,SPX Index,PX_LAST,2917.75
1000,2019-06-19,SPX Index,PX_LAST,2926.46
1001,2019-06-20,SPX Index,PX_LAST,2954.18
1002,2019-06-21,SPX Index,PX_LAST,2950.46
1003,2019-06-24,SPX Index,PX_LAST,2945.35
1004,2019-06-25,SPX Index,PX_LAST,2917.38
1005,2019-06-26,SPX Index,PX_LAST,2913.78
1006,2019-06-27,SPX Index,PX_LAST,2924.92
1007,2019-06-28,SPX Index,PX_LAST,2941.76
1008,2019-07-01,SPX Index,PX_LAST,2964.33
1009,2019-07-02,SPX Index,PX_LAST,2973.01
1010,2019-07-03,SPX Index,PX_LAST,2995.82
1011,2019-07-05,SPX Index,PX_LAST,2990.41
1012,2019-07-08,SPX Index,PX_LAST,2975.95
1013,2019-07-09,SPX Index,PX_LAST,2979.63
1014,2019-07-10,SPX Index,PX_LAST,2993.07
1015,2019-07-11,SPX Index,PX_LAST,2999.91
1016,2019-07-12,SPX Index,PX_LAST,3013.77
1017,2019-07-15,SPX Index,PX_LAST,3014.3
1018,2019-07-16,SPX Index,PX_LAST,3004.04
1019,2019-07-17,SPX Index,PX_LAST,2984.42
1020,2019-07-18,SPX Index,PX_LAST,2995.11
1021,2019-07-19,SPX Index,PX_LAST,2976.61
1022,2019-07-22,SPX Index,PX_LAST,2985.03
1023,2019-07-23,SPX Index,PX_LAST,3005.47
1024,2019-07-24,SPX Index,PX_LAST,3019.56
1025,2019-07-25,SPX Index,PX_LAST,3003.67
1026,2019-07-26,SPX Index,PX_LAST,3025.86
1027,2019-07-29,SPX Index,PX_LAST,3020.97
1028,2019-07-30,SPX Index,PX_LAST,3013.18
1029,2019-07-31,SPX Index,PX_LAST,2980.38
1030,2019-08-01,SPX Index,PX_LAST,2953.56
1031,2019-08-02,SPX Index,PX_LAST,2932.05
1032,2019-08-05,SPX Index,PX_LAST,2844.74
1033,2019-08-06,SPX Index,PX_LAST,2881.77
1034,2019-08-07,SPX Index,PX_LAST,2883.98
1035,2019-08-08,SPX Index,PX_LAST,2938.09
1036,2019-08-09,SPX Index,PX_LAST,2918.65
1037,2019-08-12,SPX Index,PX_LAST,2883.75
1038,2019-08-13,SPX Index,PX_LAST,2926.32
1039,2019-08-14,SPX Index,PX_LAST,2840.6
1040,2019-08-15,SPX Index,PX_LAST,2847.6
1041,2019-08-16,SPX Index,PX_LAST,2888.68
1042,2019-08-19,SPX Index,PX_LAST,2923.65
1043,2019-08-20,SPX Index,PX_LAST,2900.51
1044,2019-08-21,SPX Index,PX_LAST,2924.43
1045,2019-08-22,SPX Index,PX_LAST,2922.95
1046,2019-08-23,SPX Index,PX_LAST,2847.11
1047,2019-08-26,SPX Index,PX_LAST,2878.38
1048,2019-08-27,SPX Index,PX_LAST,2869.16
1049,2019-08-28,SPX Index,PX_LAST,2887.94
1050,2019-08-29,SPX Index,PX_LAST,2924.58
1051,2019-08-30,SPX Index,PX_LAST,2926.46
1052,2019-09-03,SPX Index,PX_LAST,2906.27
1053,2019-09-04,SPX Index,PX_LAST,2937.78
1054,2019-09-05,SPX Index,PX_LAST,2976.0
1055,2019-09-06,SPX Index,PX_LAST,2978.71
1056,2019-09-09,SPX Index,PX_LAST,2978.43
1057,2019-09-10,SPX Index,PX_LAST,2979.39
1058,2019-09-11,SPX Index,PX_LAST,3000.93
1059,2019-09-12,SPX Index,PX_LAST,3009.57
1060,2019-09-13,SPX Index,PX_LAST,3007.39
1061,2019-09-16,SPX Index,PX_LAST,2997.96
1062,2019-09-17,SPX Index,PX_LAST,3005.7
1063,2019-09-18,SPX Index,PX_LAST,3006.73
1064,2019-09-19,SPX Index,PX_LAST,3006.79
1065,2019-09-20,SPX Index,PX_LAST,2992.07
1066,2019-09-23,SPX Index,PX_LAST,2991.78
1067,2019-09-24,SPX Index,PX_LAST,2966.6
1068,2019-09-25,SPX Index,PX_LAST,2984.87
1069,2019-09-26,SPX Index,PX_LAST,2977.62
1070,2019-09-27,SPX Index,PX_LAST,2961.79
1071,2019-09-30,SPX Index,PX_LAST,2976.74
1072,2019-10-01,SPX Index,PX_LAST,2940.25
1073,2019-10-02,SPX Index,PX_LAST,2887.61
1074,2019-10-03,SPX Index,PX_LAST,2910.63
1075,2019-10-04,SPX Index,PX_LAST,2952.01
1076,2019-10-07,SPX Index,PX_LAST,2938.79
1077,2019-10-08,SPX Index,PX_LAST,2893.06
1078,2019-10-09,SPX Index,PX_LAST,2919.4
1079,2019-10-10,SPX Index,PX_LAST,2938.13
1080,2019-10-11,SPX Index,PX_LAST,2970.27
1081,2019-10-14,SPX Index,PX_LAST,2966.15
1082,2019-10-15,SPX Index,PX_LAST,2995.68
1083,2019-10-16,SPX Index,PX_LAST,2989.69
1084,2019-10-17,SPX Index,PX_LAST,2997.95
1085,2019-10-18,SPX Index,PX_LAST,2986.2
1086,2019-10-21,SPX Index,PX_LAST,3006.72
1087,2019-10-22,SPX Index,PX_LAST,2995.99
1088,2019-10-23,SPX Index,PX_LAST,3004.52
1089,2019-10-24,SPX Index,PX_LAST,3010.29
1090,2019-10-25,SPX Index,PX_LAST,3022.55
1091,2019-10-28,SPX Index,PX_LAST,3039.42
1092,2019-10-29,SPX Index,PX_LAST,3036.89
1093,2019-10-30,SPX Index,PX_LAST,3046.77
1094,2019-10-31,SPX Index,PX_LAST,3037.56
1095,2019-11-01,SPX Index,PX_LAST,3066.91
1096,2019-11-04,SPX Index,PX_LAST,3078.27
1097,2019-11-05,SPX Index,PX_LAST,3074.62
1098,2019-11-06,SPX Index,PX_LAST,3076.78
1099,2019-11-07,SPX Index,PX_LAST,3085.18
1100,2019-11-08,SPX Index,PX_LAST,3093.08
1101,2019-11-11,SPX Index,PX_LAST,3087.01
1102,2019-11-12,SPX Index,PX_LAST,3091.84
1103,2019-11-13,SPX Index,PX_LAST,3094.04
1104,2019-11-14,SPX Index,PX_LAST,3096.63
1105,2019-11-15,SPX Index,PX_LAST,3120.46
1106,2019-11-18,SPX Index,PX_LAST,3122.03
1107,2019-11-19,SPX Index,PX_LAST,3120.18
1108,2019-11-20,SPX Index,PX_LAST,3108.46
1109,2019-11-21,SPX Index,PX_LAST,3103.54
1110,2019-11-22,SPX Index,PX_LAST,3110.29
1111,2019-11-25,SPX Index,PX_LAST,3133.64
1112,2019-11-26,SPX Index,PX_LAST,3140.52
1113,2019-11-27,SPX Index,PX_LAST,3153.63
1114,2019-11-29,SPX Index,PX_LAST,3140.98
1115,2019-12-02,SPX Index,PX_LAST,3113.87
1116,2019-12-03,SPX Index,PX_LAST,3093.2
1117,2019-12-04,SPX Index,PX_LAST,3112.76
1118,2019-12-05,SPX Index,PX_LAST,3117.43
1119,2019-12-06,SPX Index,PX_LAST,3145.91
1120,2019-12-09,SPX Index,PX_LAST,3135.96
1121,2019-12-10,SPX Index,PX_LAST,3132.52
1122,2019-12-11,SPX Index,PX_LAST,3141.63
1123,2019-12-12,SPX Index,PX_LAST,3168.57
1124,2019-12-13,SPX Index,PX_LAST,3168.8
1125,2019-12-16,SPX Index,PX_LAST,3191.45
1126,2019-12-17,SPX Index,PX_LAST,3192.52
1127,2019-12-18,SPX Index,PX_LAST,3191.14
1128,2019-12-19,SPX Index,PX_LAST,3205.37
1129,2019-12-20,SPX Index,PX_LAST,3221.22
1130,2019-12-23,SPX Index,PX_LAST,3224.01
1131,2019-12-24,SPX Index,PX_LAST,3223.38
1132,2019-12-26,SPX Index,PX_LAST,3239.91
1133,2019-12-27,SPX Index,PX_LAST,3240.02
1134,2019-12-30,SPX Index,PX_LAST,3221.29
1135,2019-12-31,SPX Index,PX_LAST,3230.78
1136,2020-01-02,SPX Index,PX_LAST,3257.85
1137,2020-01-03,SPX Index,PX_LAST,3234.85
1138,2020-01-06,SPX Index,PX_LAST,3246.28
1139,2020-01-07,SPX Index,PX_LAST,3237.18
1140,2020-01-08,SPX Index,PX_LAST,3253.05
1141,2020-01-09,SPX Index,PX_LAST,3274.7
1142,2020-01-10,SPX Index,PX_LAST,3265.35
1143,2020-01-13,SPX Index,PX_LAST,3288.13
1144,2020-01-14,SPX Index,PX_LAST,3283.15
1145,2020-01-15,SPX Index,PX_LAST,3289.29
1146,2020-01-16,SPX Index,PX_LAST,3316.81
1147,2020-01-17,SPX Index,PX_LAST,3329.62
1148,2020-01-21,SPX Index,PX_LAST,3320.79
1149,2020-01-22,SPX Index,PX_LAST,3321.75
1150,2020-01-23,SPX Index,PX_LAST,3325.54
1151,2020-01-24,SPX Index,PX_LAST,3295.47
1152,2020-01-27,SPX Index,PX_LAST,3243.63
1153,2020-01-28,SPX Index,PX_LAST,3276.24
1154,2020-01-29,SPX Index,PX_LAST,3273.4
1155,2020-01-30,SPX Index,PX_LAST,3283.66
1156,2020-01-31,SPX Index,PX_LAST,3225.52
1157,2020-02-03,SPX Index,PX_LAST,3248.92
1158,2020-02-04,SPX Index,PX_LAST,3297.59
1159,2020-02-05,SPX Index,PX_LAST,3334.69
1160,2020-02-06,SPX Index,PX_LAST,3345.78
1161,2020-02-07,SPX Index,PX_LAST,3327.71
1162,2020-02-10,SPX Index,PX_LAST,3352.09
1163,2020-02-11,SPX Index,PX_LAST,3357.75
1164,2020-02-12,SPX Index,PX_LAST,3379.45
1165,2020-02-13,SPX Index,PX_LAST,3373.94
1166,2020-02-14,SPX Index,PX_LAST,3380.16
1167,2020-02-18,SPX Index,PX_LAST,3370.29
1168,2020-02-19,SPX Index,PX_LAST,3386.15
1169,2020-02-20,SPX Index,PX_LAST,3373.23
1170,2020-02-21,SPX Index,PX_LAST,3337.75
1171,2020-02-24,SPX Index,PX_LAST,3225.89
1172,2020-02-25,SPX Index,PX_LAST,3128.21
1173,2020-02-26,SPX Index,PX_LAST,3116.39
1174,2020-02-27,SPX Index,PX_LAST,2978.76
1175,2020-02-28,SPX Index,PX_LAST,2954.22
1176,2020-03-02,SPX Index,PX_LAST,3090.23
1177,2020-03-03,SPX Index,PX_LAST,3003.37
1178,2020-03-04,SPX Index,PX_LAST,3130.12
1179,2020-03-05,SPX Index,PX_LAST,3023.94
1180,2020-03-06,SPX Index,PX_LAST,2972.37
1181,2020-03-09,SPX Index,PX_LAST,2746.56
1182,2020-03-10,SPX Index,PX_LAST,2882.23
1183,2020-03-11,SPX Index,PX_LAST,2741.38
1184,2020-03-12,SPX Index,PX_LAST,2480.64
1185,2020-03-13,SPX Index,PX_LAST,2711.02
1186,2020-03-16,SPX Index,PX_LAST,2386.13
1187,2020-03-17,SPX Index,PX_LAST,2529.19
1188,2020-03-18,SPX Index,PX_LAST,2398.1
1189,2020-03-19,SPX Index,PX_LAST,2409.39
1190,2020-03-20,SPX Index,PX_LAST,2304.92
1191,2020-03-23,SPX Index,PX_LAST,2237.4
1192,2020-03-24,SPX Index,PX_LAST,2447.33
1193,2020-03-25,SPX Index,PX_LAST,2475.56
1194,2020-03-26,SPX Index,PX_LAST,2630.07
1195,2020-03-27,SPX Index,PX_LAST,2541.47
1196,2020-03-30,SPX Index,PX_LAST,2626.65
1197,2020-03-31,SPX Index,PX_LAST,2602.24
